id,author_id,title,content,publish_date,category,tags,status
1,14,The Future of Artificial Intelligence in Healthcare,"Artificial Intelligence is rapidly transforming the healthcare landscape, offering unprecedented opportunities for early disease detection, personalized treatment plans, and improved patient outcomes. This article explores the cutting-edge AI technologies that are revolutionizing medical diagnostics and patient care.",2024-04-28,Technology,"AI, Healthcare, Medical Technology, Innovation",published
2,2,Hidden Gems: Exploring Off-the-Beaten-Path Destinations in Southeast Asia,"Beyond the popular tourist spots, Southeast Asia offers a treasure trove of unexplored destinations. From remote mountain villages in Vietnam to secluded beaches in Indonesia, this travel guide reveals the region's most authentic and breathtaking locations that remain largely unknown to mainstream tourists.",2023-12-20,Travel,"Travel, Southeast Asia, Adventure, Destinations",published
3,9,Plant-Based Cooking: Delicious Vegan Recipes for Beginners,"Transitioning to a plant-based diet doesn't mean sacrificing flavor. This comprehensive guide introduces easy and mouth-watering vegan recipes that are nutritious, simple to prepare, and perfect for those just starting their plant-based journey. From protein-packed breakfast bowls to hearty dinner options, we've got you covered.",2024-10-22,Food,"Vegan, Cooking, Recipes, Nutrition",draft
4,3,Mental Wellness in the Digital Age: Strategies for Reducing Screen Time Stress,"Our constant digital connectivity is taking a toll on mental health. This article provides practical strategies for managing screen time, reducing digital anxiety, and maintaining psychological well-being in an increasingly connected world. Learn evidence-based techniques to create a healthier relationship with technology.",2024-07-09,Health,"Mental Health, Technology, Wellness, Digital Detox",published
5,14,Startup Funding in 2023: Navigating the Changing Venture Capital Landscape,"The venture capital ecosystem is undergoing significant transformation. This in-depth analysis examines current funding trends, emerging investment sectors, and strategies for startups to attract capital in a challenging economic environment. Insights from top investors and successful entrepreneurs provide a comprehensive overview.",2024-03-31,Business,"Startups, Venture Capital, Investment, Entrepreneurship",draft
6,2,Quantum Computing: The Next Technological Revolution,"Quantum computing represents a paradigm shift in computational capabilities. This article explores the fundamental principles of quantum mechanics, potential applications across industries, and how this emerging technology could solve complex problems that are currently intractable for classical computers.",2025-06-09,Technology,"Quantum Computing, Technology, Innovation, Science",archived
7,14,Sustainable Tourism: Minimizing Environmental Impact While Traveling,"Responsible travel is more important than ever. This comprehensive guide provides travelers with practical strategies to reduce their carbon footprint, support local communities, and engage in environmentally conscious tourism. From choosing eco-friendly accommodations to understanding carbon offset programs, learn how to travel sustainably.",2024-07-07,Travel,"Sustainable Tourism, Environment, Travel, Ecology",published
8,13,The Art of Fermentation: Exploring Global Culinary Traditions,"Fermentation is an ancient culinary technique with profound health benefits. This article takes readers on a global journey, exploring fermentation practices from Korean kimchi to German sauerkraut, discussing the science behind fermentation and its nutritional advantages. Includes beginner-friendly fermentation recipes.",2024-07-26,Food,"Cooking, Fermentation, Nutrition, Culinary",published
9,11,Holistic Approaches to Managing Chronic Stress,"Chronic stress is a modern epidemic affecting millions. This comprehensive guide integrates medical research, psychological insights, and holistic practices to provide a multi-dimensional approach to stress management. Techniques include mindfulness, nutrition, exercise, and alternative therapies for comprehensive wellness.",2024-02-11,Health,"Stress Management, Wellness, Mental Health, Holistic Medicine",draft
10,11,The Rise of Remote Work: Strategies for Building Successful Distributed Teams,"Remote work has become a permanent fixture in the modern workplace. This article provides strategic insights for businesses to build effective, collaborative, and productive distributed teams. Covers topics like communication tools, maintaining company culture, and ensuring employee engagement in a virtual environment.",2024-05-21,Business,"Remote Work, Business, Management, Productivity",published
11,11,Blockchain Beyond Cryptocurrency: Real-World Applications,"Blockchain technology extends far beyond digital currencies. This exploration reveals innovative applications in supply chain management, healthcare records, voting systems, and intellectual property protection. Understand how blockchain's decentralized and transparent nature can revolutionize multiple industries.",2025-05-03,Technology,"Blockchain, Technology, Innovation, Cryptocurrency",published
12,13,Backpacking Southeast Asia: A Budget Traveler's Ultimate Guide,"Southeast Asia remains one of the most budget-friendly and culturally rich travel destinations. This comprehensive guide covers everything from budget accommodation and transportation to must-visit locations, local customs, and money-saving tips. Perfect for adventurers looking to explore the region without breaking the bank.",2025-05-17,Travel,"Backpacking, Budget Travel, Southeast Asia, Adventure",published
13,13,Zero-Waste Cooking: Transforming Kitchen Scraps into Gourmet Meals,"Reducing food waste is both an environmental necessity and a culinary challenge. This innovative cookbook-style article provides creative recipes and techniques for transforming kitchen scraps into delicious, nutritious meals. Learn how to minimize waste while maximizing flavor and sustainability.",2023-08-13,Food,"Cooking, Sustainability, Zero-Waste, Recipes",published
14,2,Mindfulness and Physical Exercise: A Holistic Approach to Fitness,"Physical fitness is more than just physical movement. This article explores the profound connection between mindfulness practices and exercise, showing how mental awareness can enhance physical performance, prevent injuries, and promote overall well-being. Includes practical mindfulness techniques for athletes and fitness enthusiasts.",2023-07-21,Health,"Fitness, Mindfulness, Wellness, Exercise",published
15,4,Digital Transformation Strategies for Small Businesses,"Small businesses must adapt to survive in the digital economy. This guide provides actionable strategies for digital transformation, covering topics like digital marketing, e-commerce platforms, cloud computing, and leveraging data analytics. Learn how to compete effectively in an increasingly digital marketplace.",2024-06-29,Business,"Digital Transformation, Small Business, Technology, Strategy",published
16,4,The Ethics of Artificial Intelligence: Navigating Complex Moral Landscapes,"As AI becomes more sophisticated, ethical considerations become increasingly critical. This thought-provoking article examines the moral implications of AI development, discussing issues of bias, privacy, accountability, and potential societal impacts. Provides a balanced perspective on responsible AI innovation.",2024-11-16,Technology,"AI Ethics, Technology, Philosophy, Innovation",published
17,11,Cultural Immersion: Meaningful Travel Experiences in Indigenous Communities,"True travel is about connection, not just sightseeing. This guide explores ethical and respectful ways to engage with indigenous communities, highlighting the importance of cultural preservation, mutual understanding, and responsible tourism. Includes tips for meaningful cultural exchanges and supporting local economies.",2024-03-15,Travel,"Cultural Tourism, Indigenous Communities, Responsible Travel, Cultural Exchange",published
18,1,Global Street Food: A Culinary Journey Through Street Cuisine,"Street food represents the heart and soul of global culinary traditions. This mouthwatering article takes readers on a global tour of street food, exploring iconic dishes from different cultures, their origins, and the stories behind them. Includes tips for safely enjoying street food while traveling.",2024-08-13,Food,"Street Food, Culinary, Global Cuisine, Travel",published
19,4,Sleep Optimization: Science-Backed Strategies for Better Rest,"Quality sleep is fundamental to health and well-being. This comprehensive guide synthesizes the latest sleep research, providing evidence-based strategies for improving sleep quality. Covers topics like circadian rhythms, sleep hygiene, nutrition, and addressing common sleep disorders.",2023-06-27,Health,"Sleep, Health, Wellness, Medical Research",published
20,8,The Future of Work: Adapting to the Gig Economy and Freelance Landscape,"Traditional employment models are rapidly evolving. This in-depth analysis explores the growing gig economy, discussing opportunities, challenges, and strategies for professionals navigating this new work landscape. Includes insights on skill development, financial planning, and building a sustainable freelance career.",2023-09-24,Business,"Gig Economy, Freelancing, Career, Future of Work",archived
21,11,Edge Computing: Revolutionizing Data Processing and IoT,"Edge computing represents a significant leap in distributed computing technology. This article explores how processing data closer to its source can transform industries like healthcare, manufacturing, and smart cities. Discusses technical principles, advantages, and potential future developments in edge computing.",2024-06-09,Technology,"Edge Computing, IoT, Technology, Data Processing",archived
22,11,Adventure Travel in National Parks: Ultimate Guide to Wilderness Exploration,"National parks offer unparalleled opportunities for adventure and connection with nature. This comprehensive guide covers top national parks worldwide, providing detailed information on hiking trails, wildlife viewing, camping tips, photography techniques, and responsible wilderness exploration.",2024-11-21,Travel,"Adventure Travel, National Parks, Wilderness, Hiking",published
23,9,Plant-Based Protein: Nutritional Strategies for Vegetarians and Vegans,"Obtaining adequate protein on a plant-based diet is easier than many believe. This nutritional guide breaks down plant-based protein sources, their amino acid profiles, and strategies for creating balanced, protein-rich meals. Includes sample meal plans and expert nutritionist insights.",2024-11-26,Food,"Nutrition, Vegan, Plant-Based, Protein",published
24,7,Emotional Intelligence in Personal and Professional Life,"Emotional intelligence is a critical skill for success and well-being. This comprehensive exploration covers the science of emotional intelligence, practical strategies for development, and its impact on relationships, career progression, and personal growth. Includes self-assessment tools and actionable advice.",2023-11-01,Health,"Emotional Intelligence, Personal Development, Psychology, Wellness",draft
25,9,Cybersecurity for Small Businesses: Essential Protection Strategies,"Cyber threats are a significant risk for businesses of all sizes. This practical guide provides small businesses with comprehensive cybersecurity strategies, covering topics like threat detection, employee training, data protection, and cost-effective security solutions. Includes real-world case studies and expert recommendations.",2024-10-31,Business,"Cybersecurity, Small Business, Technology, Risk Management",published
26,5,5G Technology: Transforming Communication and Connectivity,"5G is more than just faster internet. This deep dive explores how 5G technology will revolutionize industries, enable new technologies like autonomous vehicles, enhance IoT capabilities, and create unprecedented connectivity opportunities. Discusses technical specifications and potential societal impacts.",2024-09-29,Technology,"5G, Technology, Connectivity, Communication",draft
27,10,Sustainable and Responsible Travel in the Post-Pandemic World,"The pandemic has transformed travel perspectives. This forward-looking guide explores sustainable tourism practices, focusing on minimizing environmental impact, supporting local economies, and creating meaningful travel experiences. Includes practical tips for conscious travelers and emerging industry trends.",2024-06-17,Travel,"Sustainable Tourism, Responsible Travel, Post-Pandemic, Ecology",published
28,6,World Street Desserts: A Sweet Global Exploration,"Desserts tell stories of culture, tradition, and local ingredients. This delightful article takes readers on a global tour of street desserts, exploring unique sweet treats from different countries, their cultural significance, and the artisan techniques behind their creation.",2024-03-17,Food,"Desserts, Global Cuisine, Culinary, Street Food",published
29,6,Integrative Approaches to Pain Management,"Chronic pain requires a holistic treatment approach. This comprehensive guide explores integrative pain management strategies, combining traditional medical treatments with alternative therapies like acupuncture, mindfulness, nutrition, and physical therapy. Provides evidence-based insights for comprehensive pain relief.",2025-03-23,Health,"Pain Management, Holistic Medicine, Health, Wellness",published
30,4,The Rise of Platform Businesses: New Economic Models,"Platform businesses are reshaping economic landscapes. This strategic analysis explores how companies like Uber, Airbnb, and Amazon have transformed traditional business models. Discusses the platform economy's principles, growth strategies, challenges, and potential future developments across various industries.",2024-03-06,Business,"Platform Economy, Business Model, Innovation, Digital Transformation",draft
